one,three,MW,lambdas,sigmas,q
R,ARG,156.19,0.730762477,0.656,1
D,ASP,115.09,0.041604048,0.558,-1
N,ASN,114.1,0.425585901,0.568,0
E,GLU,129.11,0.000693546,0.592,-1
K,LYS,128.17,0.179021174,0.636,1
H,HIS,137.14,0.466366729,0.608,0
Q,GLN,128.13,0.393431855,0.602,0
S,SER,87.08,0.462541681,0.518,0
C,CYS,103.14,0.56154351,0.548,0
G,GLY,57.05,0.705884373,0.45,0
T,THR,101.11,0.371316298,0.562,0
A,ALA,71.07,0.274329797,0.504,0
M,MET,131.2,0.530848113,0.618,0
Y,TYR,163.18,0.977461145,0.646,0
V,VAL,99.13,0.208376961,0.586,0
W,TRP,186.22,0.989376474,0.678,0
L,LEU,113.16,0.644000501,0.618,0
I,ILE,113.16,0.542362361,0.618,0
P,PRO,97.12,0.359312658,0.556,0
F,PHE,147.18,0.867235898,0.636,0
